UserId,Tweets,Likes,Comments,Retweets,Tweet_Url
@YouTube,chicken: accomplished,64,31,16,https://twitter.com/YouTube/status/1720482065513107845
@YouTube,whatâ€™s a song that gets you ready to greet the day,667,483,118,https://twitter.com/YouTube/status/1720425595371127228
@YouTube,which novel needs a movie adaptation asap?,1.1K,637,157,https://twitter.com/YouTube/status/1720138704751149552
@YouTube,what's your favorite stop motion video?,1K,422,201,https://twitter.com/YouTube/status/1720078306186322219
@YouTube,"itâ€™s giving NFL Sunday Ticket.

donâ€™t miss the rest of the '23 season. NFL Sunday Ticket now starts at $174.",417,184,65,https://twitter.com/YouTube/status/1719823929982763457
@YouTube,Lowest price on YouTube TV with Base Plan. Terms & embargoes apply. No cancellations.,188,115,18,https://twitter.com/YouTube/status/1719823934021947772
@YouTube,sweater: check. hot drink: check. playlist of beautiful yet haunting music videos: check,1.5K,965,262,https://twitter.com/YouTube/status/1717685039389880758
@YouTube,would it be too meta to do a reaction video to a reaction video,14K,11K,5.9K,https://twitter.com/YouTube/status/1714763287613538361
@YouTube,"check in on yourself, check in on your friends",3.2K,2.3K,936,https://twitter.com/YouTube/status/1714717988002152686
@YouTube,take a minute to go make a cup of tea. your brain will thank you,3.3K,1.8K,1.4K,https://twitter.com/YouTube/status/1714339752755818595
@YouTube,ever wondered where your favorite creator gets their inspiration?  in YouTubeâ€™s Edition creators tell us who theyâ€™re loving on YouTube right now. watch all 6 episodes now,773,713,158,https://twitter.com/YouTube/status/1714000762529878122
@YouTube,"so, who are you watching?",402,1.1K,141,https://twitter.com/YouTube/status/1714000765180682528
@YouTube,fall is the perfect season to get chased by a ghost while sipping a psl,1.6K,1.5K,1.2K,https://twitter.com/YouTube/status/1712890949326471373
@YouTube,what's a video that always puts you in a good place?,1.3K,1K,1K,https://twitter.com/YouTube/status/1712588957932716271
@YouTube,name a creator who was ahead of their time?,2K,1.3K,1K,https://twitter.com/YouTube/status/1712536111535305018
@YouTube,happy libra season! tag a libra who fills your life with harmony and balance,948,288,661,https://twitter.com/YouTube/status/1712468161172529446
@YouTube,are all cat people secretly wearing that shirt?,466,172,254,https://twitter.com/YouTube/status/1712181270510260682
@YouTube,shoutout to the creators of making stunning and innovative art,601,200,76,https://twitter.com/YouTube/status/1712090676849005021
@YouTube,a...............................s..........................m.....................................................r,2.5K,447,833,https://twitter.com/YouTube/status/1711864183560569068
@YouTube,what are you carving into your pumpkin this year?,1.1K,416,287,https://twitter.com/YouTube/status/1711803785490682336
@YouTube,eating cereal out of the box while watching a video where a professional chef cooks the most complicated meal iâ€™ve ever seen,866,162,222,https://twitter.com/YouTube/status/1711743385529172181
@YouTube,i don't care if my food is cold now i haven't found the perfect video to eat it to yet,1.6K,339,270,https://twitter.com/YouTube/status/1711501796479283656
@YouTube,what's your favorite cozy beverage,1.2K,518,164,https://twitter.com/YouTube/status/1711426297656705484
@YouTube,stars are kinda just sky rocks,1.2K,316,199,https://twitter.com/YouTube/status/1711388550132813944
@YouTube,this is a self-care checkpoint: take 5 deep breaths before you continue scrolling,1.5K,234,638,https://twitter.com/YouTube/status/1711139408399733036
@YouTube,most fun character to cosplay as?,1.1K,339,324,https://twitter.com/YouTube/status/1711048811001319763
@YouTube,"reduce, reuse, recycle aaannnnnnnddd repeat",1K,222,149,https://twitter.com/YouTube/status/1710701522185568521
@YouTube,slime videos make me so nostalgic,854,179,111,https://twitter.com/YouTube/status/1710641126867149254
@YouTube,which horror movie's sequel is better than its original?,1.1K,345,194,https://twitter.com/YouTube/status/1710429730191647140
@YouTube,when the comments are as funny as the video >>>,1.1K,181,183,https://twitter.com/YouTube/status/1710384473987043714
@YouTube,reply with the best couples cosplay below,660,147,110,https://twitter.com/YouTube/status/1710308935985508807
@YouTube,name a classic horror film that secretly wants to be a survival horror game?,1K,388,177,https://twitter.com/YouTube/status/1710006944449085472
@YouTube,new yoodle today celebrating all the beauty and mystery of universe!,585,122,115,https://twitter.com/YouTube/status/1709976745334509628
@YouTube,when the aliens come which movie are you showing them first and why is it shrek?,1.2K,285,207,https://twitter.com/YouTube/status/1709931445379313683
@YouTube,kind of unfair thereâ€™s no groundhog giving us six more weeks of summer tbh,879,230,163,https://twitter.com/YouTube/status/1709659657550131635
@YouTube,reliving the most chaotic parts of elementary school with some,448,89,79,https://twitter.com/YouTube/status/1709599258444279995
@YouTube,it's enchilada weather people,764,191,148,https://twitter.com/YouTube/status/1709297318892036505
@YouTube,scariest game of all time?,2K,922,290,https://twitter.com/YouTube/status/1709267085455413465
@YouTube,tag 3 friends to remind them to register to vote,625,167,143,https://twitter.com/YouTube/status/1709206676530724980
@YouTube,name a creator who was ahead of their time?,2.3K,1.4K,384,https://twitter.com/YouTube/status/1708950217121210622
@YouTube,water break! go hydrate. your body (and mind) will thank you,1.3K,207,284,https://twitter.com/YouTube/status/1708920115146747930
@YouTube,i hope dogs in these videos have someone who can read them all the nice comments they're getting,688,125,115,https://twitter.com/YouTube/status/1708859390940401707
@YouTube,shout out to those of us who love parkour videos even though we're dangerously uncoordinated,869,205,154,https://twitter.com/YouTube/status/1708466865129824294
@YouTube,which creator would throw the best party?,1.5K,740,215,https://twitter.com/YouTube/status/1708240366439150055
@YouTube,it's libra season! how are you keeping ~balanced~ lately?,774,160,131,https://twitter.com/YouTube/status/1708149713663414531
@YouTube,what's a video that always puts you in a good place?,1.4K,662,234,https://twitter.com/YouTube/status/1708119586862723462
@YouTube,wish i could pay attention to anything the way my cat pays attention to birdfeeder videos,750,133,81,https://twitter.com/YouTube/status/1707862816382718383
@YouTube,whatâ€™s the first channel you ever subscribed to?,3K,1.9K,367,https://twitter.com/YouTube/status/1707802416526119269
@YouTube,"good day: animal videos
bad day: animal videos",1K,143,141,https://twitter.com/YouTube/status/1707742023183139139
@YouTube,this is your reminder to treat yourself like you treat your best friend,1K,235,183,https://twitter.com/YouTube/status/1707500430194823677
@YouTube,drop a video that brings you back to your childhood,1.2K,440,162,https://twitter.com/YouTube/status/1707440036474478671
@YouTube,it's libra season! take time to appreciate something beautiful today,684,133,103,https://twitter.com/YouTube/status/1707379643026682251
@YouTube,give your eyes a break! take a quick break from scrolling and refresh those peepers,801,173,104,https://twitter.com/YouTube/status/1707153140343054395
@YouTube,drop a video that instantly chills you out,1.2K,530,150,https://twitter.com/YouTube/status/1707092742097002739
@YouTube,happy birthday,1.1K,170,171,https://twitter.com/YouTube/status/1707024796775518654
@YouTube,drop an extreme sports video that has you screaming internally,619,150,69,https://twitter.com/YouTube/status/1706790758798274594
@YouTube,sometimes the best part of a tv show are the unhinged recap videos they inspire,557,107,69,https://twitter.com/YouTube/status/1706715258000122021
@YouTube,libra season is the season of social connections. tag two people who should meet!,659,142,75,https://twitter.com/YouTube/status/1706670084725645449
@YouTube,which creators are you inviting to your potluck and what are you asking them to bring?,900,289,114,https://twitter.com/YouTube/status/1706443585837522975
@YouTube,watching the leaves change and thinking about how traintube is going to have some absolutely gorgeous scenery this month,657,124,72,https://twitter.com/YouTube/status/1706383200090542414
@YouTube,take a page from booktube and try reading before bed tonight!,847,168,113,https://twitter.com/YouTube/status/1706081184969609595
@YouTube,watching fashion month vlogs while wrapped in a blanket. it's officially fall,726,141,111,https://twitter.com/YouTube/status/1706005601744986200
@YouTube,what's a yoga video you always come back to?,831,179,78,https://twitter.com/YouTube/status/1705937830071992522
@YouTube,woodturning videos: welcome to my de-stress playlist,690,136,74,https://twitter.com/YouTube/status/1705696049719845058
@YouTube,drop a video that sums up your middle school experience,1.1K,328,135,https://twitter.com/YouTube/status/1705643203280376133
@YouTube,kind of wish every day started with a thumbnail so i knew what to expect,1.2K,241,166,https://twitter.com/YouTube/status/1705583876322517222
@YouTube,what's your fashion month aesthetic?,856,209,100,https://twitter.com/YouTube/status/1705356310907105411
@YouTube,a walk around the block can do a lot,856,142,120,https://twitter.com/YouTube/status/1705280819852435467
@YouTube,canâ€™t be responsible for my actions when the pumpkin spice hits my blood stream,972,187,134,https://twitter.com/YouTube/status/1705227955524239672
@YouTube,drop a video that makes your brain feel nice,2K,785,210,https://twitter.com/YouTube/status/1704993914342535399
@YouTube,someone tell Earth Wind & Fire i need a song for every day of the year,917,147,142,https://twitter.com/YouTube/status/1704948613703450906
@YouTube,transport yourself to places you could only imagine - from a popcorn volcano to a jellybean beach,616,169,112,https://twitter.com/YouTube/status/1704903477061644509
@YouTube,itâ€™s september 21st. the prophecy foretold by earth wind & fire has come to pass,1.4K,143,243,https://twitter.com/YouTube/status/1704873115451314453
@YouTube,get ready to make your wildest content dreams come true,1K,246,418,https://twitter.com/YouTube/status/1704865999357403143
@YouTube,do you rememberâ€¦,9.4K,1.9K,1.1K,https://twitter.com/YouTube/status/1704842934800023897
@YouTube,make a date to see a friend irl this week,1.6K,386,251,https://twitter.com/YouTube/status/1704602729207779774
@YouTube,take a minute to stretttttch it out,2.1K,407,248,https://twitter.com/YouTube/status/1704480530043924921
@YouTube,six years of lofi girl! she studies AND she relaxes. queen of work life balance,1.8K,334,238,https://twitter.com/YouTube/status/1704208744916164750
@YouTube,kind of unfair thereâ€™s no groundhog giving us six more weeks of summer tbh,1.4K,505,214,https://twitter.com/YouTube/status/1704133248371052776
@YouTube,if you like pottery videos may i introduce you to woodturning,796,280,165,https://twitter.com/YouTube/status/1703891668192137693
@YouTube,parkour was invented when someone looked at a flight of stairs and thought â€œtoo easyâ€,804,156,137,https://twitter.com/YouTube/status/1703831253412135130
@YouTube,this is your sign to take a 5 minute break from scrolling,1.4K,382,222,https://twitter.com/YouTube/status/1703755757970206762
@YouTube,tag a friend under this post to say hi!,1.5K,834,219,https://twitter.com/YouTube/status/1703529262974750720
@YouTube,drop a short that can make you laugh in less than 10 seconds,1K,357,155,https://twitter.com/YouTube/status/1703468864627937313
@YouTube,Fall is the best season of the year and nothing else comes close.,567,129,119,https://twitter.com/YouTube/status/1703438793196364203
@YouTube,watched too many grwm videos and now iâ€™m running late,742,112,88,https://twitter.com/YouTube/status/1703408467078271038
@YouTube,the worldâ€™s just a little bit prettier when you see it through the window of a train,1.1K,213,145,https://twitter.com/YouTube/status/1703166873280373016
@YouTube,drop a tv character who perfectly captures virgo energy,630,155,104,https://twitter.com/YouTube/status/1703106475965493445
@YouTube,september? you mean pre-halloween?,1.6K,296,257,https://twitter.com/YouTube/status/1703046079594320306
@YouTube,"this month and every month, weâ€™re celebrating Latinx creators. thank you for sharing your stories, your communities, and your love",693,732,749,https://twitter.com/YouTube/status/1702698791348953565
@YouTube,if you think about it cooking tutorials are really just mini documentaries about mac and cheese,886,215,140,https://twitter.com/YouTube/status/1702064611350954040
@YouTube,thinking about everyone who had to go back to school before GWRMs existed,753,135,120,https://twitter.com/YouTube/status/1702019313622818963
@YouTube,what 90's tv theme song gets stuck in your head without warning,1K,466,250,https://twitter.com/YouTube/status/1701672023276052930
@YouTube,what are you grateful for today?,3.2K,1.5K,642,https://twitter.com/YouTube/status/1701604075488575726
@YouTube,"happy virgo season. hope youâ€™re out there doing that fun, extremely organized thing youâ€™ve had planned for a whole year",1.1K,251,272,https://twitter.com/YouTube/status/1700992546649055609
@YouTube,football szn is HERE! and weâ€™ve got you with,762,231,234,https://twitter.com/YouTube/status/1700960784468054046
@YouTube,how've you found the YouTube el classico? who do you think is going to win?,1K,169,157,https://twitter.com/YouTube/status/1700523768995586329
@YouTube,donâ€™t mind me iâ€™m just sitting here cackling at hilarious animations,517,138,175,https://twitter.com/YouTube/status/1700252669963555080
@YouTube,who's taking the W and the trophy home with them tomorrow,724,106,141,https://twitter.com/YouTube/status/1700214922880160230
@YouTube,*watching a video where a seal gets a bucket of fish* â€œcouldnâ€™t have happened to a nicer guyâ€,590,110,164,https://twitter.com/YouTube/status/1700207371392274572
@YouTube,which channel do you seek out when you need an immediate dose of positive vibes?,1.9K,1.5K,406,https://twitter.com/YouTube/status/1700146975595802925
@YouTube,shoutout to anyone whoâ€™s ever searched â€œhow to tie a tie easyâ€ 20 minutes before a wedding. i see you and i accept you,1K,184,203,https://twitter.com/YouTube/status/1699897833984299349
@YouTube,never seen a quesabirria video i havenâ€™t liked,627,108,174,https://twitter.com/YouTube/status/1699844985149935981
@YouTube,"happy virgo season! right on time, just like you",978,162,260,https://twitter.com/YouTube/status/1699784585259921602
@YouTube,petition to put parkour in the olympics,1.1K,239,258,https://twitter.com/YouTube/status/1699558095259668769
@YouTube,who are you hoping to see on the runways this fashion month?,635,164,203,https://twitter.com/YouTube/status/1699482597745684663
@YouTube,stayed up all night trying to decide between falling asleep to 12 hours of relaxing rain noises and 12 hours of relaxing ocean noises,923,174,249,https://twitter.com/YouTube/status/1699407100013674573
@YouTube,whatâ€™s your go-to video when you need to clear your head?,1.5K,789,372,https://twitter.com/YouTube/status/1699180607174000849
@YouTube,whose get ready with me videos are you trusting with your first day of school look?,659,153,229,https://twitter.com/YouTube/status/1699105109400080455
@YouTube,drop an animal video that deserves a theatrical release in imax,806,189,173,https://twitter.com/YouTube/status/1699044714639433788
@YouTube,what's the first video game you ever beat completely on your own?,1.6K,980,285,https://twitter.com/YouTube/status/1698818219912364425
@YouTube,"sorry i can't, i'm watching bullet train videos",1.2K,182,189,https://twitter.com/YouTube/status/1698757821255299206
@YouTube,labor day: last day of summer or first day of fall?,1.2K,328,205,https://twitter.com/YouTube/status/1698682341302907335
@YouTube,take some time to clear your head. your brain deserves it!,1.4K,266,325,https://twitter.com/YouTube/status/1698470931818066324
@YouTube,most underrated food at the cookout?,1K,316,173,https://twitter.com/YouTube/status/1698402981748584631
@YouTube,touched down in Vegas,1.5K,155,183,https://twitter.com/YouTube/status/1698093523646423285
@YouTube,Get $50 off,328,58,44,https://twitter.com/YouTube/status/1698093531515002951
@YouTube,Terms & embargoes apply. No refunds.,218,32,23,https://twitter.com/YouTube/status/1698093533867987422
@YouTube,just watched a timelapse video of a dandelion blooming. those little guys work hard!,718,126,126,https://twitter.com/YouTube/status/1698085892521398297
@YouTube,reply to this with the video that taught you everything you know,1.1K,402,189,https://twitter.com/YouTube/status/1698033046409159119
@YouTube,shout out to the creators creating tutorials about creating tutorials,1.3K,218,245,https://twitter.com/YouTube/status/1697965096603918787
@YouTube,trying to find the best bbq tutorial for this weekend,814,178,141,https://twitter.com/YouTube/status/1697746156187476234
@YouTube,asmr to horror movie trailer is the video equivalent of jumping in a freezing lake after soaking in a hot tub,726,100,148,https://twitter.com/YouTube/status/1697700858064953604
@YouTube,drop the first video on your labor day weekend playlist,1K,337,175,https://twitter.com/YouTube/status/1697670657167790265
@YouTube,september aka return of my tiny desk concert era,1K,116,185,https://twitter.com/YouTube/status/1697610260922405006
@YouTube,what video game soundtrack immediately makes you feel like a kid again?,1.7K,846,237,https://twitter.com/YouTube/status/1695813419264356499
@YouTube,whatâ€™s the one video youâ€™re putting on for a 5-minute dance party?,1.2K,375,168,https://twitter.com/YouTube/status/1695783256010989851
@YouTube,whatâ€™s one book you wish you could erase from your memory so you could read it again for the first time,1.1K,446,185,https://twitter.com/YouTube/status/1695556730279579873
@YouTube,name a classic game that would still be a hit if it were released today,3.2K,1.4K,360,https://twitter.com/YouTube/status/1695496330825630061
@YouTube,we hid QR codes in,1.2K,105,95,https://twitter.com/YouTube/status/1695466133988483223
@YouTube,good things come in threes,401,53,32,https://twitter.com/YouTube/status/1695466184013955153
@YouTube,Not a winner? Thereâ€™s still time to score $75 off NFL Sunday Ticket through 8/28!,203,30,20,https://twitter.com/YouTube/status/1695466186618605935
@YouTube,my morning routine includes watching videos of morning routines,3.5K,311,325,https://twitter.com/YouTube/status/1695435935565959381
@YouTube,Should we drop some hints??,1.6K,139,155,https://twitter.com/YouTube/status/1695256968183554287
@YouTube,"Hint: Weâ€™ll give you 8,000,000 guesses where we hid the last two codes!",157,43,24,https://twitter.com/YouTube/status/1695256969349673369
@YouTube,No purchase req'd. US only. 18+. CC req'd to redeem prize. Rules here:,142,17,18,https://twitter.com/YouTube/status/1695256970649891233
@YouTube,happy pumpkin spice season to all who celebrate,4.9K,303,522,https://twitter.com/YouTube/status/1695164183422042289
@YouTube,todayâ€™s a good day for a challenge! hereâ€™s how to play:,658,99,89,https://twitter.com/YouTube/status/1695107920227131895
@YouTube,No purchase req'd. US only. 18+. CC req'd to redeem prize. Rules:,132,23,17,https://twitter.com/YouTube/status/1695107922634711220
@YouTube,which creator are you basing your whole vibe on this year?,7.3K,2.7K,742,https://twitter.com/YouTube/status/1695088645076578780
@YouTube,drop a creator that gives you organizing envy,3.7K,651,304,https://twitter.com/YouTube/status/1694847052826497235
@YouTube,whoâ€™s an artist weâ€™re going to be hearing a lot more about soon?,7.4K,2.4K,802,https://twitter.com/YouTube/status/1694786655859687922
@YouTube,wild to think there was a time you could only play video games against whoever was also in your basement,3.4K,360,290,https://twitter.com/YouTube/status/1694439366515404945
@YouTube,reply with your mood & iâ€™ll give you a hip hop rec,5K,2.2K,391,https://twitter.com/YouTube/status/1694378971368980770
@YouTube,need to make friends with a sewing creator before halloween,2.3K,190,183,https://twitter.com/YouTube/status/1694348770966679607
@YouTube,what video will always remind you of middle school?,2.1K,525,195,https://twitter.com/YouTube/status/1694137376086344060
@YouTube,*pretending to do my celebrity house tour by walking backwards and talking to no one*,1.3K,132,109,https://twitter.com/YouTube/status/1694092079557648712
@YouTube,i hope dogs in these videos have someone who can read them all the nice comments they're getting,1.1K,224,110,https://twitter.com/YouTube/status/1693744787793264688
@YouTube,tag a creator who could win an oscar,2.7K,1.9K,290,https://twitter.com/YouTube/status/1693412598438343085
@YouTube,drop your favorite late summer song,1.4K,646,202,https://twitter.com/YouTube/status/1693337102681870831
@YouTube,which kpop idol would you love to see do a GRWM?,879,269,102,https://twitter.com/YouTube/status/1693261603758587912
@YouTube,calling all bunnies,1.4K,150,347,https://twitter.com/YouTube/status/1693065597616050219
@YouTube,the whole idea of fan-made trailers is so beautiful,1K,175,105,https://twitter.com/YouTube/status/1693020012812922985
@YouTube,send this tweet to the person who sends you the best videos,1K,230,139,https://twitter.com/YouTube/status/1692974714686210472
@YouTube,"probably unnecessary, but iâ€™m searching â€œmaking toast tutorialâ€ just to double-check my work",942,160,97,https://twitter.com/YouTube/status/1692899218396963215
@YouTube,best mofongo tutorial?,649,171,69,https://twitter.com/YouTube/status/1692657625886806127
@YouTube,"pan dulce, dulce de leche, or tres leches?",739,190,82,https://twitter.com/YouTube/status/1692567029033644359
@YouTube,we owe so much to hip hop so you *know* itâ€™s going down for its 50th anniversary,608,284,102,https://twitter.com/YouTube/status/1692317972881195250
@YouTube,drop a video that describes your best friend,1.2K,414,149,https://twitter.com/YouTube/status/1692310337263927425
@YouTube,the amount of books I owe an apology to rn. i'll read you soon i promise,1K,208,133,https://twitter.com/YouTube/status/1692159346363211878
@YouTube,just watched the Zepotha trailer,835,187,90,https://twitter.com/YouTube/status/1691966068531548609
@YouTube,ğ–ğ–”ğ–š ğ–’ğ–ğ–Œğ–ğ–™ ğ–ğ–†ğ–›ğ–Š ğ–“ğ–”ğ–™ğ–ğ–ˆğ–Šğ–‰ ğ–'ğ–›ğ–Š ğ–‡ğ–Šğ–Šğ–“ ğ–šğ–˜ğ–ğ–“ğ–Œ ğ–™ğ–ğ–Š ğ–‘ğ–”ğ–Œğ–” ğ–™ğ–” ğ–˜ğ–ğ–”ğ–œ ğ–”ğ–‹ğ–‹ ğ–’ğ– ğ–“ğ–Šğ–œ ğ–ˆğ–†ğ–‘ğ–‘ğ–ğ–Œğ–—ğ–†ğ–•ğ–ğ– ğ–˜ğ–ğ–ğ–‘ğ–‘ğ–˜,2.3K,363,334,https://twitter.com/YouTube/status/1691957764812124349
@YouTube,"BookTuber: here are new releases iâ€™m excited about! 
me (from underneath pile of 1000 books i still need to read): i must read them all",840,157,102,https://twitter.com/YouTube/status/1691812055148270001
@YouTube,nothing like celebrating 50 years of hip hop with *the* girl power anthem: 's â€œU.N.I.T.Y.â€,452,115,62,https://twitter.com/YouTube/status/1691585860125516090
@YouTube,time to get under the covers in my pjs and drop hot takes about Fashion Week looks,778,137,103,https://twitter.com/YouTube/status/1691555362992771438
@YouTube,"if you guessed all of them, youâ€™re right!!",157,20,20,https://twitter.com/YouTube/status/1690157354636185601
@YouTube,â€œLLâ€ stands for â€œladies loveâ€,197,34,24,https://twitter.com/YouTube/status/1690154945612500992
@YouTube,if youâ€™ve seen my watch history youâ€™ve seen my soul,1.3K,240,155,https://twitter.com/YouTube/status/1690000115786788864
@YouTube,drop your self-care starter pack here,1.2K,338,131,https://twitter.com/YouTube/status/1689735875272331264
@YouTube,is looking for runway models? asking for a friendâ€¦,620,100,76,https://twitter.com/YouTube/status/1689622628351225856
@YouTube,drop a video that belongs in a museum,2.3K,1K,232,https://twitter.com/YouTube/status/1689411234137821184
@YouTube,grwm to spend all afternoon watching back to school grwm videos,990,190,98,https://twitter.com/YouTube/status/1688980900439052290
@YouTube,"watching a tutorial video for building canoe from a solid block of cedar: i could do that.
watching a video called ""windsor knot (simple way)"": only wizards can pull off this dark magic",770,133,107,https://twitter.com/YouTube/status/1688943149094227968
@YouTube,these back to school grwms are awesome until i remember itâ€™s not actually MY first day of college,888,177,83,https://twitter.com/YouTube/status/1688535463282225152
@YouTube,before the internet if you needed a movie ending explained you'd have to break into the director's house and demand answers,1.5K,233,152,https://twitter.com/YouTube/status/1688248572897103872
@YouTube,"floral is:
a pattern
a way of life",1K,132,103,https://twitter.com/YouTube/status/1688188174525140992
@YouTube,carefully placing my new book on top of the teetering tower of books already on my nightstand,1K,158,135,https://twitter.com/YouTube/status/1687886186830761986
@YouTube,spending the day watching enough videos about pangolins to put Zoologist on my resume,900,132,79,https://twitter.com/YouTube/status/1687825786240176128
@YouTube,watching a collab between my two favorite artists (a hippo and a watermelon),880,170,85,https://twitter.com/YouTube/status/1687508699353337856
@YouTube,your cat deserves fame do not stand in their way,1.5K,242,185,https://twitter.com/YouTube/status/1687463398311604225
@YouTube,remember to take some time away from screens today that's what the pause button is for!,2K,321,270,https://twitter.com/YouTube/status/1687206708316360704
@YouTube,can you really call a song a guilty pleasure if youâ€™re blasting the video on loop at full volume?,1K,170,118,https://twitter.com/YouTube/status/1687176507741868033
@YouTube,all my flowers owe their lives to garden tutorial Shorts,1.1K,180,94,https://twitter.com/YouTube/status/1686799020482588676
@YouTube,xoxo,6.1K,160,1.2K,https://twitter.com/YouTube/status/1686391368971927553
@YouTube,be more forgiving with yourself. youâ€™re doing the best you can!,2.4K,438,438,https://twitter.com/YouTube/status/1686059147740037129
@YouTube,Youube,8.8K,1.1K,745,https://twitter.com/YouTube/status/1685757407081660416
@YouTube,YouTube,1.9K,80,96,https://twitter.com/YouTube/status/1685757412697886720
@YouTube,there we go,1.9K,126,99,https://twitter.com/YouTube/status/1685757414841241601
@YouTube,favorite creator squad of all time??,2.8K,995,257,https://twitter.com/YouTube/status/1685711858227920896
@YouTube,one thing is gunna do is keep it real,627,124,71,https://twitter.com/YouTube/status/1685409942478503936
@YouTube,what reggaeton music video gets you most hyped??,1K,204,97,https://twitter.com/YouTube/status/1685379670169001984
@YouTube,Terms & embargoes apply. Offer ends 9/19. No refunds.,238,33,16,https://twitter.com/YouTube/status/1683129883126296583
@YouTube,which creator could teach a masterclass in comedy,1.7K,606,235,https://twitter.com/YouTube/status/1682842954438787072
@YouTube,paging all bunnies,GIF,screenshot the image to see which,song you are! iâ€™d go first but,https://twitter.com/YouTube/status/1682722186472087552
@YouTube,i have found peace,1.4K,149,293,https://twitter.com/YouTube/status/1682495669502705664
@YouTube,and you can too thanks to,255,25,34,https://twitter.com/YouTube/status/1682496215861035012
@YouTube,play my watch history at my funeral,1.4K,251,137,https://twitter.com/YouTube/status/1682118176790781952
@YouTube,lol jk iâ€™ll take that to my grave,503,67,31,https://twitter.com/YouTube/status/1682118319481012224
@YouTube,reply with a Short that captures your summer so far,1.3K,633,265,https://twitter.com/YouTube/status/1682072887266623495
@YouTube,"if you could magically turn anything in your life pink, what would it be?",1.4K,571,209,https://twitter.com/YouTube/status/1681785989272936455
@YouTube,can always count on,460,63,43,https://twitter.com/YouTube/status/1681755792196751363
@YouTube,only the ~sweetest~,1.2K,231,263,https://twitter.com/YouTube/status/1681710492102819840
@YouTube,thatâ€™s right: Olivia is a strawberry girlie,336,20,25,https://twitter.com/YouTube/status/1681752104782929920
@YouTube,bedtime without screens just hits different tbh,1.2K,226,175,https://twitter.com/YouTube/status/1681438702545797120
@YouTube,wish mowing my lawn was 1% as satisfying as watching other people do theirs,1K,123,87,https://twitter.com/YouTube/status/1681393401231441941
@YouTube,send beach vids,1K,293,115,https://twitter.com/YouTube/status/1681348103595499520
@YouTube,who are you most excited to see take the pitch for the USWNT?,606,100,50,https://twitter.com/YouTube/status/1681287707882864640
@YouTube,are there any lines from videos that you justâ€¦repeat and repeat and repeat,1.6K,764,229,https://twitter.com/YouTube/status/1681031013835603969
@YouTube,which is your,1.2K,125,149,https://twitter.com/YouTube/status/1681000833964560385
@YouTube,you did it bunnies you found all of the,7.5K,141,1.2K,https://twitter.com/YouTube/status/1680759732863397888
@YouTube,what new channel are you currently obsessed with?,3.3K,2.3K,349,https://twitter.com/YouTube/status/1680653528639893505
@YouTube,i know next weekendâ€™s movie reaction videos are going to be,1K,133,87,https://twitter.com/YouTube/status/1680623330015997952
@YouTube,attn all bunnies timeâ€™s almost up to find the,4.6K,109,813,https://twitter.com/YouTube/status/1680548060953296896
@YouTube,need a wheelbarrow to carry all my summer reads to the beach,1K,203,88,https://twitter.com/YouTube/status/1680368896266874882
@YouTube,drop your channel in the comments,13K,22K,1.6K,https://twitter.com/YouTube/status/1680291138668843010
@YouTube,hi bunnies two,2.5K,67,524,https://twitter.com/YouTube/status/1680266389444247553
@YouTube,youâ€™re at the show and she hands you the mic to sing â€œvampireâ€...which part do you BELT out??,1.1K,151,140,https://twitter.com/YouTube/status/1680260941617811460
@YouTube,weâ€™re all a little shy find your shy-besties and swing over to Shorts to show us your,3.5K,143,957,https://twitter.com/YouTube/status/1680035408854532098
@YouTube,2 more hours of screen time < 2 more hours of sleep,1.2K,169,104,https://twitter.com/YouTube/status/1679989150580129792
@YouTube,pull up those summer vlogs bc itâ€™s VACAY SEASON,698,125,68,https://twitter.com/YouTube/status/1679913652684754944
@YouTube,"best place to watch Shorts are on my ________
phone
tablet
computer
TV",1.2K,693,140,https://twitter.com/YouTube/status/1679596563914539009
@YouTube,HBD! your vids are the real gift,627,91,70,https://twitter.com/YouTube/status/1679249247739465728
@YouTube,"seriously,",3.6K,35,997,https://twitter.com/YouTube/status/1678042015999619075
@YouTube,if is Super Shy then,2.4K,50,593,https://twitter.com/YouTube/status/1678042019007025152
@YouTube,of course has perfected the,2.4K,19,597,https://twitter.com/YouTube/status/1678042013147463681
@YouTube,drop a healthy new habit youâ€™ve started in honor of,655,120,83,https://twitter.com/YouTube/status/1677724227451879424
@YouTube,hey,9.7K,141,2.1K,https://twitter.com/YouTube/status/1677709021237616644
@YouTube,from Manhattan to Hollywood â€“ let's get Super Shy!,1.5K,33,321,https://twitter.com/YouTube/status/1677710625806352384
@YouTube,we're entering our Super Shy era! learn the,9.3K,154,2.5K,https://twitter.com/YouTube/status/1677198354898644993
@YouTube,donâ€™t be shy make a Short with,947,50,185,https://twitter.com/YouTube/status/1677198656930471937
@YouTube,itâ€™s â€™s world and weâ€™re just living in it,6.1K,143,1.6K,https://twitter.com/YouTube/status/1677143575078010880
@YouTube,watching gardening Shorts counts as a hobby,693,105,65,https://twitter.com/YouTube/status/1677090048452296705
@YouTube,if you *knew* it was Temeculaâ€¦youâ€™re a true,174,20,18,https://twitter.com/YouTube/status/1677041323722027008
@YouTube,itâ€™s your birthday and everyone has to watch one video of your choosing. what do you pick?,1.8K,975,293,https://twitter.com/YouTube/status/1676984350380814336
@YouTube,set reminders to go for lil walks,904,167,122,https://twitter.com/YouTube/status/1676667262487482378
@YouTube,tag a creator who has BIG Kenergy,1.2K,657,145,https://twitter.com/YouTube/status/1676621962024558594
@YouTube,hey whatâ€™s the best game to play at a summer party,473,170,63,https://twitter.com/YouTube/status/1676365270632235009
@YouTube,ASMRBBQ,727,125,83,https://twitter.com/YouTube/status/1676304872994422784
@YouTube,omg the new profile pic for,15K,143,2.6K,https://twitter.com/YouTube/status/1676268392188370945
@YouTube,fave creator you just found out about this year?,2K,1.2K,291,https://twitter.com/YouTube/status/1676259577354960897
@YouTube,"them: what are you listening to??
me:",9.5K,335,815,https://twitter.com/YouTube/status/1676002883085402114
@YouTube,think of a nap as a software updateâ€¦but for your mind,1K,154,189,https://twitter.com/YouTube/status/1675942487527944211
@YouTube,"would you rather
feel a slime ASMR video
smell a baking video",732,255,78,https://twitter.com/YouTube/status/1675912287780057116
@YouTube,wyd if youâ€™re the goalie and comes up for a free kick???,571,139,69,https://twitter.com/YouTube/status/1675217708617433092
@YouTube,halfway through the year (and my watchlist),661,125,70,https://twitter.com/YouTube/status/1674553330608091138
@YouTube,my beige flag is that i watch mukbangs at full volume,577,102,60,https://twitter.com/YouTube/status/1674523131371765760
@YouTube,one thing about 's ride? it would make everyone SO HAPPY,359,123,42,https://twitter.com/YouTube/status/1674173113335156738
@YouTube,pov: does a stream while riding his roller coaster,344,72,42,https://twitter.com/YouTube/status/1674162150758318080
@YouTube,"hey, !! dropped a new pic of",901,84,136,https://twitter.com/YouTube/status/1674145670603653122
@YouTube,hey do you have a roller coaster simulator for this ride??,742,40,50,https://twitter.com/YouTube/status/1674139770438684672
@YouTube,there's gotta be some good angles at the top of this ride!!,245,26,19,https://twitter.com/YouTube/status/1674131587930390529
@YouTube,creator *and* model posing at,950,88,66,https://twitter.com/YouTube/status/1672681020771143680
@YouTube,your first @ has to send you the last video they watched lol,1.2K,503,209,https://twitter.com/YouTube/status/1672665894592421888
@YouTube,is the creator of our dreams,2.3K,1.3K,1.1K,https://twitter.com/YouTube/status/1672427763956068358
@YouTube,.,335,58,28,https://twitter.com/YouTube/status/1672356401656795138
@YouTube,.,113,14,11,https://twitter.com/YouTube/status/1672374775656902656
@YouTube,looking for more,360,63,31,https://twitter.com/YouTube/status/1672266396133392387
@YouTube,what do you think of my new ink??,2.5K,622,301,https://twitter.com/YouTube/status/1671242997181349890
@YouTube,only a few spots left for more creator names!!,1.4K,1K,198,https://twitter.com/YouTube/status/1671228326164434945
@YouTube,what other creator names should i get tattooed??,1.8K,1.8K,236,https://twitter.com/YouTube/status/1671212474429997057
@YouTube,ITâ€™S ALMOST TIME,421,66,60,https://twitter.com/YouTube/status/1671201281996730369
@YouTube,tag a creator & iâ€™ll get their name tattooed,1.3K,1.2K,174,https://twitter.com/YouTube/status/1671186148691935234
@YouTube,which creators recently made your dream collab,850,356,95,https://twitter.com/YouTube/status/1670914354047221763
@YouTube,share a channel that helped you learn about Juneteenth & the history behind todayâ€™s celebration,547,158,72,https://twitter.com/YouTube/status/1670869053697556483
@YouTube,.,1.7K,123,128,https://twitter.com/YouTube/status/1670536866502680577
@YouTube,we all have that one fave creator thatâ€™s fighting for a good cause whoâ€™s yours?,1.1K,630,160,https://twitter.com/YouTube/status/1670491570406055936
@YouTube,what tv breakdown creator should i watch after finishing a season?,661,178,65,https://twitter.com/YouTube/status/1670129181407997953
@YouTube,feeling nostalgic drop the first channel you subscribed to,1.4K,910,198,https://twitter.com/YouTube/status/1669792354989907970
@YouTube,creators that do breakdown videos for the movies you just donâ€™t get >>>>>>,685,169,67,https://twitter.com/YouTube/status/1669434605303201792
@YouTube,drop the video that made you subscribe to your fave creator,1.2K,625,228,https://twitter.com/YouTube/status/1669374209288556548
@YouTube,exit out of your apps. theyâ€™ll be there tomorrow,1.9K,646,268,https://twitter.com/YouTube/status/1669102414656421888
@YouTube,whose channel do you watch when you need a good laugh?,3.2K,3.1K,566,https://twitter.com/YouTube/status/1668377638321135617
@YouTube,still canâ€™t believe,693,99,102,https://twitter.com/YouTube/status/1668302139918102528
@YouTube,geminis are the best storytime creators & cancers are the best home diy creators,800,255,118,https://twitter.com/YouTube/status/1668000154098581504
@YouTube,which hip hop artist has the *best* music videos?,964,526,138,https://twitter.com/YouTube/status/1667939752929112066
@YouTube,the more travel vlogs i watch the longer my bucket list gets,845,183,106,https://twitter.com/YouTube/status/1667652863479218181
@YouTube,ordering takeout while watching cooking Shorts lol,785,153,89,https://twitter.com/YouTube/status/1667592466088771584
@YouTube,whatâ€™s an iconic YouTube video you quote regularly?,1.4K,722,176,https://twitter.com/YouTube/status/1666535503783419904
@YouTube,tag two creators & iâ€™ll tell you the title of their collab,1.4K,833,123,https://twitter.com/YouTube/status/1666475104673382400
@YouTube,hereâ€™s a tip watch tutorial vids at .5 speed,1K,166,87,https://twitter.com/YouTube/status/1666173112948346883
@YouTube,work smarter not harder people!!!,490,86,51,https://twitter.com/YouTube/status/1666473889025884160
@YouTube,i trust AJay Deluxeâ€™s music taste more than my own tbh,579,122,66,https://twitter.com/YouTube/status/1666203310469120000
@YouTube,drop a photo of you that *feels* like a YouTube thumbnail,1.4K,751,136,https://twitter.com/YouTube/status/1666127813806632965
@YouTube,watching cry listening to Lana Del Rey likeâ€¦you understand me,1.1K,132,97,https://twitter.com/YouTube/status/1665840922645372930
@YouTube,self care tip: you donâ€™t always have to be productive,1.4K,248,276,https://twitter.com/YouTube/status/1665780528220446722
@YouTube,you got two courtside tickets to the,706,261,84,https://twitter.com/YouTube/status/1665493633930342402
@YouTube,turning on my emotional support aesthetic minecraft house tutorial channel,795,131,96,https://twitter.com/YouTube/status/1665403038259920901
@YouTube,stop scrolling & give yourself a lil hand massage,1.4K,390,171,https://twitter.com/YouTube/status/1665131248400908288
@YouTube,*hits autoplay* letâ€™s go girls,942,140,88,https://twitter.com/YouTube/status/1665085947900305408
@YouTube,your last selfie is who you are on the outside & your last video screenshot is who you are on the *inside*,781,161,88,https://twitter.com/YouTube/status/1665025551826821122
@YouTube,canâ€™t wait till my fave food creators share their snack ideas,572,147,53,https://twitter.com/YouTube/status/1664738660774805505
@YouTube,"wyd if someone offers you 1,000 subs?
take it
double it & give it to the next person",2.1K,1.2K,223,https://twitter.com/YouTube/status/1664708461047828493
@YouTube,"if your dream vacation were a YouTube video, what would the title be?",952,461,107,https://twitter.com/YouTube/status/1664663165488054272
@YouTube,tag a Shorts creator whose seamless edits always blow your mind,766,273,78,https://twitter.com/YouTube/status/1664376273538301952
@YouTube,Pride is all about being yourself thankful for the LGBTQ+ community & creators who paved the way for self-expression!!,1K,305,125,https://twitter.com/YouTube/status/1664300784249602049
@YouTube,youâ€™re enough,2K,389,363,https://twitter.com/YouTube/status/1663998786497069057
@YouTube,what would your V-Tuber avatar look like??,984,345,107,https://twitter.com/YouTube/status/1663953487804104724
@YouTube,watching voguing videos like,787,186,72,https://twitter.com/YouTube/status/1663651496154595329
@YouTube,ok who is the valedictorian of YouTube,1.4K,377,102,https://twitter.com/YouTube/status/1663598652495888400
@YouTube,the sound your laptop makes when you close it is asmr lol,1K,318,111,https://twitter.com/YouTube/status/1663304210199326720
@YouTube,reply with an emoji & i'll predict your summer era,3.7K,2.2K,192,https://twitter.com/YouTube/status/1663213614461857792
@YouTube,tag your creator basketball starting lineup,739,171,66,https://twitter.com/YouTube/status/1662911621411250177
@YouTube,mentally at,558,116,55,https://twitter.com/YouTube/status/1662851221760233474
@YouTube,youâ€™re doing your best and thatâ€™s a whole lot,3K,335,320,https://twitter.com/YouTube/status/1662579434489098242
@YouTube,if you could *live* inside one video what would it be,1.3K,534,161,https://twitter.com/YouTube/status/1662519033143468033
@YouTube,brb sobbing after watching surprise a superfan,1.5K,163,60,https://twitter.com/YouTube/status/1662232145815904256
@YouTube,rip dinosaurs you would have loved bird videos,1K,147,91,https://twitter.com/YouTube/status/1662171747477512192
@YouTube,"love how shares the world and...clearly 200K people agree!! congrats, Pasaportete!!",562,82,77,https://twitter.com/YouTube/status/1662126492711624707
@YouTube,some creators paint literal masterpieces on their nails,818,157,86,https://twitter.com/YouTube/status/1661839556209983488
@YouTube,"best thing to watch while eating?
mukbang
recipes",973,311,89,https://twitter.com/YouTube/status/1661794259622658064
@YouTube,i believe in you,2.8K,681,460,https://twitter.com/YouTube/status/1661462069860872193
@YouTube,every morning is a grwm if you talk to yourself,1K,150,124,https://twitter.com/YouTube/status/1661401672478867456
@YouTube,share a video youâ€™ve memorized by heart,1.3K,626,164,https://twitter.com/YouTube/status/1661114782605254677
@YouTube,share the Short youâ€™re obsessed with rn,956,526,118,https://twitter.com/YouTube/status/1661039286681055232
@YouTube,"set a timer, close your laptop, & stretch",1.2K,230,148,https://twitter.com/YouTube/status/1660722195255926785
@YouTube,i just turned 18 reply if you want some birthday cake!!,14K,4.7K,1.1K,https://twitter.com/YouTube/status/1660676899276824578
@YouTube,"i love a cliffhanger on TV, especially when they",1.1K,269,109,https://twitter.com/YouTube/status/1660405107450683397
@YouTube,what video title is *so* gemini & why does it always start with **STORYTIME**,706,149,73,https://twitter.com/YouTube/status/1660329608200220676
@YouTube,which channel can teach me how to DANCE??,1K,355,94,https://twitter.com/YouTube/status/1659967218472345600
@YouTube,finish this: my fave affirmation is ____________.,889,331,111,https://twitter.com/YouTube/status/1659665229951770624
@YouTube,what nail art video legit blew your mind?,608,107,66,https://twitter.com/YouTube/status/1659619931565031426
@YouTube,which creator would you go to prom with?,2K,676,170,https://twitter.com/YouTube/status/1659317941714681857
@YouTube,i only watch the classics,3.4K,186,223,https://twitter.com/YouTube/status/1659272648394776604
@YouTube,still waiting for a new vlog,570,59,35,https://twitter.com/YouTube/status/1659285725509189632
@YouTube,"without saying Zero, fav",2K,228,504,https://twitter.com/YouTube/status/1658940456909037568
@YouTube,wellness check how are you today?,1.5K,722,218,https://twitter.com/YouTube/status/1658913330877145090
@YouTube,rest & recharge,1.6K,329,319,https://twitter.com/YouTube/status/1658578066816286720
@YouTube,watching Roblox trades >>>>>,753,146,72,https://twitter.com/YouTube/status/1658517667131555855
@YouTube,which creator siblings make videos that *always* have you wanting to text your siblings that you love them,1.2K,239,128,https://twitter.com/YouTube/status/1658215677079986200
@YouTube,resting is an essential part of productivity,2.3K,238,441,https://twitter.com/YouTube/status/1658185478741319699
@YouTube,which channels do you check out for all things,932,175,77,https://twitter.com/YouTube/status/1658140186717433858
@YouTube,whoâ€™s making your favorite Shorts rn??,2.5K,1K,243,https://twitter.com/YouTube/status/1657838192836395009
@YouTube,whatâ€™s a video that always helps you calm down,3K,1.3K,401,https://twitter.com/YouTube/status/1657792894290239494
@YouTube,"best way to watch a video?
on a phone
BIGGEST SCREEN POSSIBLE",1.7K,330,158,https://twitter.com/YouTube/status/1657490903739555840
@YouTube,which creator has your fav tattoos?,1.7K,431,164,https://twitter.com/YouTube/status/1657445604962848769
@YouTube,thatâ€™s enough scrolling,4K,797,436,https://twitter.com/YouTube/status/1657158715374485506
@YouTube,HoopTube,1K,170,99,https://twitter.com/YouTube/status/1657068119939067905
@YouTube,can't wait to get *so* inspired by ' new book,536,88,59,https://twitter.com/YouTube/status/1656796357288501250
@YouTube,ending my commencement speech with: pls like & subscribe,1.1K,167,102,https://twitter.com/YouTube/status/1656766128553709575
@YouTube,sometimes i forget VTubers donâ€™t look like that in real life,1.6K,232,197,https://twitter.com/YouTube/status/1656690628837744650
@YouTube,â€¦or do they??,548,69,49,https://twitter.com/YouTube/status/1656743012473667585
@YouTube,so excited to try ' new makeup brushes,443,88,43,https://twitter.com/YouTube/status/1656449071115116544
@YouTube,imagine if i got a tattoo that said â€œtattubeâ€,1.3K,235,114,https://twitter.com/YouTube/status/1656418840538931209
@YouTube,tag someone youâ€™d do a grwm vid with,951,203,104,https://twitter.com/YouTube/status/1656328244826701829
@YouTube,you can respond to that email tomorrow,1.5K,268,147,https://twitter.com/YouTube/status/1656071557259620355
@YouTube,pretty sure siblings invented jumpscares,1.1K,125,98,https://twitter.com/YouTube/status/1656011155788255232
@YouTube,ngl i canâ€™t get ready without feeling like iâ€™m doing a grwm,951,131,81,https://twitter.com/YouTube/status/1655965856617078784
@YouTube,which creator has the best tv show reviews?? i need new stuff watch,1.2K,262,117,https://twitter.com/YouTube/status/1655694064778346496
@YouTube,failing is totally normal & part of growing,1.8K,252,307,https://twitter.com/YouTube/status/1655633667140595712
@YouTube,donâ€™t talk to me until iâ€™ve had my morning video,1.8K,288,170,https://twitter.com/YouTube/status/1655603467056971778
@YouTube,building LEGOs with,1K,122,78,https://twitter.com/YouTube/status/1655316576395046912
@YouTube,whatâ€™s *the* most legendary voguing vid?,1K,151,94,https://twitter.com/YouTube/status/1655256178362834946
@YouTube,describe the most chaotic thumbnail,858,216,89,https://twitter.com/YouTube/status/1654939089450196995
@YouTube,finish this: my fave YouTube subgenre is ______Tube.,1.2K,406,127,https://twitter.com/YouTube/status/1654893792065908737
@YouTube,share a vid that has taurus energy,1.1K,296,109,https://twitter.com/YouTube/status/1654606899608731650
@YouTube,so excited to try ' new makeup brushes,443,88,43,https://twitter.com/YouTube/status/1656449071115116544
@YouTube,reply with for a new profile pic,3.2K,2.7K,220,https://twitter.com/YouTube/status/1654516304953368577
@YouTube,i'm studying abroad (watching a vlog in a language i don't understand),1.2K,188,127,https://twitter.com/YouTube/status/1654259613183688705
@YouTube,gonna have this playlist on repeat **all** May May 4,443,64,50,https://twitter.com/YouTube/status/1654214553008472064
@YouTube,reply with the last pic you saved from a video,2K,1K,212,https://twitter.com/YouTube/status/1654199214329548834
@YouTube,go easy on yourself,306,97,66,https://twitter.com/YouTube/status/1654169012824055808
@YouTube,i canâ€™t be the Obi-Wan that loves Star Wars celebrate,211,34,24,https://twitter.com/YouTube/status/1654165104630308864
@YouTube,i wonder what everyoneâ€™s watching rn drop a video!!,2.7K,1.6K,275,https://twitter.com/YouTube/status/1653882124741607426
@YouTube,i see everything in 4k in case you were wondering,1.6K,295,153,https://twitter.com/YouTube/status/1653853255242317826
@YouTube,"first thing you do after finding a cool video
share it
watch it again lol",1.2K,281,145,https://twitter.com/YouTube/status/1653806628502745109
@YouTube,thanks to all the AAPI creators sharing their stories this,572,113,60,https://twitter.com/YouTube/status/1653066756842192907
@YouTube,love hearing natureâ€™s asmr (the wind),1.3K,179,141,https://twitter.com/YouTube/status/1652794962126184448
@YouTube,never underestimate the power of a smile,2.2K,308,358,https://twitter.com/YouTube/status/1652749662913265665
@YouTube,describe your day with a video title,2.5K,1.3K,290,https://twitter.com/YouTube/status/1652704364362907651
@YouTube,"if you could make a festival lineup, who would be the headliners?",1.3K,447,198,https://twitter.com/YouTube/status/1652432572503187456
@YouTube,immediately explaining 10 hours of Destiny lore to my friends after watching a,5.7K,201,555,https://twitter.com/YouTube/status/1652387273957097472
@YouTube,pro tip: videos of the super bloom are allergen-free,1K,113,128,https://twitter.com/YouTube/status/1652357076507668480
@YouTube,"them: do you know how to fix this
me: um duh
also me: *looks up a video on how to fix this*",5.3K,278,213,https://twitter.com/YouTube/status/1652055085944385537
@YouTube,watching thrifting vids is like treasure hunting fr,997,148,133,https://twitter.com/YouTube/status/1651994692106559489
@YouTube,"reduce, reuse, recycle, repost",1.8K,297,352,https://twitter.com/YouTube/status/1651722897629622274
@YouTube,my first-round pick is,585,146,75,https://twitter.com/YouTube/status/1651681109065826304
@YouTube,YouTube is the new home of NFL Sunday Ticket. Terms & embargoes apply. Offer ends 6/6. No refunds.,358,130,55,https://twitter.com/YouTube/status/1651681114375823360
@YouTube,congrats to *the* podcast king for reaching one million subs!!!,623,76,81,https://twitter.com/YouTube/status/1651647456675872769
@YouTube,highlight of coachella 2023?,2.9K,297,583,https://twitter.com/YouTube/status/1651617206000664579
@YouTube,when a creatorâ€™s OOTD is cute & sustainably made,871,151,99,https://twitter.com/YouTube/status/1651345410512896004
@YouTube,reminder to unwinddddd,1.3K,201,188,https://twitter.com/YouTube/status/1651315211905671171
@YouTube,"who gives the best video suggestions?
friends
creators",1.6K,521,191,https://twitter.com/YouTube/status/1651254815903686657
@YouTube,which Shorts have you in that springtime mood?,1.1K,327,153,https://twitter.com/YouTube/status/1650983022508769282
@YouTube,really stepped up his game with the,2K,80,148,https://twitter.com/YouTube/status/1650937723790970881
@YouTube,compost & subscribe,941,210,128,https://twitter.com/YouTube/status/1650907524898471959
@YouTube,itâ€™s taurus season so you know the self-care vlogs are gonna be fire tag creators who give great sustainability tips!!,1K,156,136,https://twitter.com/YouTube/status/1650605535505293345
@YouTube,watching forage for food & connect with our planet is so inspiring,603,92,81,https://twitter.com/YouTube/status/1650530041044901889
@YouTube,is it 2024 yet,897,110,111,https://twitter.com/YouTube/status/1650399752096481281
@YouTube,.,1K,57,172,https://twitter.com/YouTube/status/1650378076562546688
@YouTube,coming alive at coachella,1.5K,104,578,https://twitter.com/YouTube/status/1650307366901129216
@YouTube,last call for ~exclusive~ merch!!! get it while you can â†’,525,53,89,https://twitter.com/YouTube/status/1650276839766773761
@YouTube,i get all my book recs from booktube which creator always recommends the best reads to you?,762,105,111,https://twitter.com/YouTube/status/1650167650910187527
@YouTube,returning to coachella would *not* be complete without MERCH: grab some while you can!! â†’,477,56,65,https://twitter.com/YouTube/status/1650035138913501184
@YouTube,IS REALLY BRINGING OUT THAT,13K,351,5.3K,https://twitter.com/YouTube/status/1649995117883985920
@YouTube,for those at homeâ€¦whose vlogs *feel* like being there??,861,106,109,https://twitter.com/YouTube/status/1649895859151159298
@YouTube,letâ€™s watch travel vlogs & see the planet this,850,121,126,https://twitter.com/YouTube/status/1649805262843199488
@YouTube,.,943,83,146,https://twitter.com/YouTube/status/1649672388324519943
@YouTube,is heating up,834,70,109,https://twitter.com/YouTube/status/1649583630329729024
@YouTube,ROUND 2 LETâ€™S GOOOO,2.3K,95,426,https://twitter.com/YouTube/status/1649548570884726786
@YouTube,SO READY for more with,6.4K,280,1.8K,https://twitter.com/YouTube/status/1649456618113990657
@YouTube,drop your fave long-form videosâ€¦i got time,1.8K,795,199,https://twitter.com/YouTube/status/1649080486529048579
@YouTube,life hack: you donâ€™t have to be available 24/7 you can always respond later,2.2K,345,417,https://twitter.com/YouTube/status/1648808694551924736
@YouTube,a fan in the front row streaming Yung Leanâ€™s performance so,508,70,67,https://twitter.com/YouTube/status/1648763492785348608
@YouTube,itâ€™s â€œtimelapse video of flowers bloomingâ€ szn,1K,131,122,https://twitter.com/YouTube/status/1648748296876314624
@YouTube,drop the channel that always inspires you to get organized,2K,732,207,https://twitter.com/YouTube/status/1648416107215351808
@YouTube,who else is already getting HYPED for,1K,134,131,https://twitter.com/YouTube/status/1648394526963257344
@YouTube,pov: you just got *$100 off*,570,108,75,https://twitter.com/YouTube/status/1648359520534515714
@YouTube,YouTube is the new home of NFL Sunday Ticket. Terms & embargoes apply. Offer ends 6/6. No refunds.,410,66,56,https://twitter.com/YouTube/status/1648359526549127168
@YouTube,a nap is a literal reset,2.1K,288,311,https://twitter.com/YouTube/status/1648068819175211010
@YouTube,"haikus are like Shorts
from seconds to syllables
sometimes small is big",981,142,146,https://twitter.com/YouTube/status/1648023520595570698
@YouTube,Frank Ocean is not scheduled to appear on the Coachella livestream. The current schedule is in the description â†’,11K,3.9K,17K,https://twitter.com/YouTube/status/1647784184390512640
@YouTube,favorite set youâ€™ve seen at,3K,689,540,https://twitter.com/YouTube/status/1647751728786292739
@YouTube,.,1.1K,119,161,https://twitter.com/YouTube/status/1647515658303991810
@YouTube,CALLING ALL,5.1K,94,1.6K,https://twitter.com/YouTube/status/1647460804801986562
@YouTube,THE,20K,574,8.4K,https://twitter.com/YouTube/status/1647456721185689600
@YouTube,i am NOT STRONG ENOUGH to hold back my tears during this,838,57,89,https://twitter.com/YouTube/status/1647438218357514240
@YouTube,feeling a sudden urge to like & subscribe & grab this,868,98,116,https://twitter.com/YouTube/status/1647425267386941447
@YouTube,.,743,73,116,https://twitter.com/YouTube/status/1647421800438181888
@YouTube,.,865,116,111,https://twitter.com/YouTube/status/1647400252490797056
@YouTube,itâ€™s *almost time* for,13K,1K,4.8K,https://twitter.com/YouTube/status/1647369161482579968
@YouTube,tag any of the creators you see at coachella bc i wanna say hi to them!!!,915,141,127,https://twitter.com/YouTube/status/1647313843721318400
@YouTube,PUERTO RICO IS IN THE DESERT,786,70,143,https://twitter.com/YouTube/status/1647129947851616258
@YouTube,one thing the,1.8K,97,389,https://twitter.com/YouTube/status/1647059915180216320
@YouTube,anyone else watching,542,48,84,https://twitter.com/YouTube/status/1647049443521470464
@YouTube,MAAAAMMMIIIII!!,838,74,113,https://twitter.com/YouTube/status/1647039077290737664
@YouTube,"from snacks to screens, what does your",962,93,118,https://twitter.com/YouTube/status/1646996756549324807
@YouTube,COACHELLAâ€™S FINALLY HERE!!! which stage are you streaming first?,1.1K,120,170,https://twitter.com/YouTube/status/1646936356604485643
@YouTube,go easy on the screens & caffeines,2K,299,281,https://twitter.com/YouTube/status/1646649464965177346
@YouTube,who is *the*,956,114,133,https://twitter.com/YouTube/status/1646543774946938885
@YouTube,remix this: april showers bring _________,948,232,161,https://twitter.com/YouTube/status/1646299245199392769
@YouTube,*sips green juice* thatâ€™s wellness,1.5K,204,191,https://twitter.com/YouTube/status/1646226679969226752
@YouTube,i feel like aliens would loooove YouTube,3.3K,758,422,https://twitter.com/YouTube/status/1645894498516365312
@YouTube,imagine an alienâ€™s channel lol,1.3K,293,169,https://twitter.com/YouTube/status/1645921700784242689
@YouTube,which creators would be the most fun to watch a set with at,1.1K,298,146,https://twitter.com/YouTube/status/1645835943490748425
@YouTube,i wonder if,2.6K,232,214,https://twitter.com/YouTube/status/1645562302781968384
@YouTube,whatâ€™s the mood today?,1.4K,454,217,https://twitter.com/YouTube/status/1645517125304598528
@YouTube,got any,12K,300,4.8K,https://twitter.com/YouTube/status/1645486898423496704
@YouTube,whatâ€™s the shortest Short youâ€™ve seen?,3K,840,264,https://twitter.com/YouTube/status/1645184814364893185
@YouTube,which creator upped your gardening game,1.5K,244,138,https://twitter.com/YouTube/status/1645124417100435457
@YouTube,which,741,91,99,https://twitter.com/YouTube/status/1645094219088900098
@YouTube,take a break from screens for the day,2.8K,598,418,https://twitter.com/YouTube/status/1644807327315378189
@YouTube,POV spring cleaning (im watching organization vids in bed,1.1K,163,156,https://twitter.com/YouTube/status/1644762031780765696
@YouTube,which,796,64,148,https://twitter.com/YouTube/status/1644734348741029890
@YouTube,", how are you getting ready for",5.5K,144,1.5K,https://twitter.com/YouTube/status/1644491494751973377
@YouTube,feeling overwhelmed? take a deep breath. one thing at a time <3,2.2K,273,353,https://twitter.com/YouTube/status/1644460037706862593
@YouTube,whatâ€™s on your dream,539,103,77,https://twitter.com/YouTube/status/1644012341573328904
@YouTube,spring cleaning my Watch later playlist,1.6K,358,191,https://twitter.com/YouTube/status/1643720167489257472
@YouTube,"if the coachella lineup were only creators, who would be your headliners?",1K,233,133,https://twitter.com/YouTube/status/1643327577145188355
@YouTube,which creator makes thrifting look effortless,1.4K,285,153,https://twitter.com/YouTube/status/1643282276955090944
@YouTube,put music videos on shuffle & you have a diy music festival,1.3K,278,174,https://twitter.com/YouTube/status/1642995394681479168
@YouTube,drop the first vid on your home page,2.6K,1.4K,276,https://twitter.com/YouTube/status/1642950093237002247
@YouTube,LESS THAN TWO WEEKS UNTIL,1.1K,188,318,https://twitter.com/YouTube/status/1642922514392268811
@YouTube,"limit screen time, not potential",2.1K,451,268,https://twitter.com/YouTube/status/1642663201266335744
@YouTube,"which did you do last?
like
subscribe",3K,990,275,https://twitter.com/YouTube/status/1642602800407257088
@YouTube,drag queen collabs never disappoint,2.5K,389,197,https://twitter.com/YouTube/status/1642572602844540928
@YouTube,share a prank video that literally never gets old lol,3.1K,531,214,https://twitter.com/YouTube/status/1642285713893859333
@YouTube,show me how youâ€™re spending spring break with a video,1.5K,445,163,https://twitter.com/YouTube/status/1642240416002048002
@YouTube,imagine all the people who felt a little more seen because a creator made a video about neurodiversity,1.2K,217,168,https://twitter.com/YouTube/status/1642195115279106050
@YouTube,planning my *next* spring break by watching travel videos,1.3K,410,162,https://twitter.com/YouTube/status/1641923324539183105
@YouTube,posture check,1.8K,362,189,https://twitter.com/YouTube/status/1641878027884810278
@YouTube,whose channel do you watch when you wanna learn something cool?,4K,2.1K,442,https://twitter.com/YouTube/status/1641832728776568832
@YouTube,your second @ has to recommend you a creator!!!,3.8K,1.4K,348,https://twitter.com/YouTube/status/1641545835639865344
@YouTube,imagine if you were in the last video you watched,2.6K,980,356,https://twitter.com/YouTube/status/1641515635774480395
@YouTube,*sobbing* rewatching,1.4K,247,92,https://twitter.com/YouTube/status/1641168349617856516
@YouTube,"if YouTube were a country, what would the national food be??",1.2K,279,119,https://twitter.com/YouTube/status/1641108092372025344
@YouTube,tag a creator who deserves some flowers,5.5K,3.5K,586,https://twitter.com/YouTube/status/1640805962020802560
@YouTube,best cleaning hacks you learned on YouTube??,1.5K,356,149,https://twitter.com/YouTube/status/1640760663986372632
@YouTube,do not disturb mode on,2.2K,365,272,https://twitter.com/YouTube/status/1640488870784425986
@YouTube,what creator has been dropping some KNOWLEDGE this,837,259,116,https://twitter.com/YouTube/status/1640413379952033794
@YouTube,deep breath in. deep breath out.,3.2K,625,527,https://twitter.com/YouTube/status/1640111385806880774
@YouTube,not me hoping i catch the foul ball while watching the game at home,1K,148,117,https://twitter.com/YouTube/status/1640050988986822657
@YouTube,closing all your apps is kind of freeing,2.8K,480,235,https://twitter.com/YouTube/status/1639733898807595016
@YouTube,hi greg,1K,196,95,https://twitter.com/YouTube/status/1639688601775624193
@YouTube,allergies mean i get to spend more time inside watching vids,1.4K,297,161,https://twitter.com/YouTube/status/1639356410248196096
@YouTube,describe your mother with a video,1K,257,134,https://twitter.com/YouTube/status/1639296013759549440
@YouTube,in my hot pot era,1.6K,244,149,https://twitter.com/YouTube/status/1639039321914380288
@YouTube,which video just *screams* aries energy?,1.2K,276,142,https://twitter.com/YouTube/status/1638933625558429697
@YouTube,who else talks back to podcasters while listening???,1.6K,337,178,https://twitter.com/YouTube/status/1638646733168320513
@YouTube,the color of your shirt & the last thing you ate is the name of your mukbang channel,2.4K,1.8K,399,https://twitter.com/YouTube/status/1638571238686588931
@YouTube,You,1.9K,629,242,https://twitter.com/YouTube/status/1638276847648768001
@YouTube,when we talk about completely starting fresh weâ€™re talking about going from Pisces to Aries seasons,1K,234,115,https://twitter.com/YouTube/status/1638223948079824896
@YouTube,take that break. you deserve it,6.6K,727,782,https://twitter.com/YouTube/status/1637921960507109377
@YouTube,drop a creator who gives,1.9K,672,143,https://twitter.com/YouTube/status/1637861562512801792
@YouTube,anyone else paint their nails while watching,971,600,123,https://twitter.com/YouTube/status/1636457308757606400
@YouTube,try meditating. you might feel better,1.8K,487,354,https://twitter.com/YouTube/status/1636110019107213319
@YouTube,try meditating. you might feel better,1.8K,487,354,https://twitter.com/YouTube/status/1636110019107213319
@YouTube,which two creators need to do a podcast collab??,1.7K,812,222,https://twitter.com/YouTube/status/1636064720267497475
@YouTube,whoâ€™s your favorite mother on YouTube??,1K,442,165,https://twitter.com/YouTube/status/1636034523715518464
@YouTube,which songs do you think they're practicing??,8.2K,446,2.2K,https://twitter.com/YouTube/status/1635755221241700352
@YouTube,stream mother natureâ€™s new hit: going outside,1K,246,133,https://twitter.com/YouTube/status/1635732532120387585
@YouTube,"if your week was a YouTube video, what would the title be?",6.7K,2.2K,445,https://twitter.com/YouTube/status/1635672136063803402
@YouTube,honestly need,636,173,65,https://twitter.com/YouTube/status/1635339946704896001
@YouTube,best channel for,1K,286,110,https://twitter.com/YouTube/status/1634962459344896000
@YouTube,vote on the title of my biopic,629,208,83,https://twitter.com/YouTube/status/1634690716919287808
@YouTube,itâ€™s almost shorts season,1.6K,840,208,https://twitter.com/YouTube/status/1634660467170787328
@YouTube,donâ€™t forget that you have so much potential,3.1K,521,495,https://twitter.com/YouTube/status/1634615172051378176
@YouTube,watching a 10hr green noise vid to take the edge off,965,204,110,https://twitter.com/YouTube/status/1634343378891468802
@YouTube,"wario, maple treeway, lucky 7 & bullet bill what did you get??",658,131,83,https://twitter.com/YouTube/status/1634296112881504256
@YouTube,feeling very intuitive this pisces season,723,209,79,https://twitter.com/YouTube/status/1634267882405220353
@YouTube,okay this inspired me to make some creator movie posters,532,114,68,https://twitter.com/YouTube/status/1633981007702654977
@YouTube,whatâ€™s the ~perfect~ video length?,5.4K,2.5K,374,https://twitter.com/YouTube/status/1633965894333509633
@YouTube,reinventing my style and obsessively watching,477,91,60,https://twitter.com/YouTube/status/1633920595720294400
@YouTube,drop a video that's worthy of a movie poster,1.8K,710,148,https://twitter.com/YouTube/status/1633875297102893056
@YouTube,itâ€™s ok to rest,3.3K,510,576,https://twitter.com/YouTube/status/1633633704206798849
@YouTube,the right video can make your day,1.8K,367,168,https://twitter.com/YouTube/status/1633588406096908288
@YouTube,drop the video that made *your* day,899,425,67,https://twitter.com/YouTube/status/1633611591546707968
@YouTube,which creators are you celebrating this,711,233,91,https://twitter.com/YouTube/status/1633512908490706944
@YouTube,wishing you,1.1K,326,176,https://twitter.com/YouTube/status/1633256521005137920
@YouTube,how are you celebrating the start of spring this Holi?,1K,329,117,https://twitter.com/YouTube/status/1633165620610207744
@YouTube,i like magic,750,195,68,https://twitter.com/YouTube/status/1632893828406419459
@YouTube,have *you* had water today?,2.6K,835,320,https://twitter.com/YouTube/status/1632848529893781504
@YouTube,"if you could have lunch with *three* creators, who would you pick?",5.1K,3K,579,https://twitter.com/YouTube/status/1632818332163350528
@YouTube,love when people post vids,2.4K,850,241,https://twitter.com/YouTube/status/1632471042890268678
@YouTube,"what do you look at first
title 
thumbnail",4.8K,1.7K,341,https://twitter.com/YouTube/status/1632440841930244096
@YouTube,would honestly be so lost without tutorial vids,1.9K,589,194,https://twitter.com/YouTube/status/1632153951301693443
@YouTube,"unbothered, moisturized, in my lane, watching the labrador puppy live cam",905,149,103,https://twitter.com/YouTube/status/1632108654789902338
@YouTube,drop the coziest video of all time,2K,670,184,https://twitter.com/YouTube/status/1632063356323393537
@YouTube,how do you calm down?,1.1K,669,191,https://twitter.com/YouTube/status/1631746561641435138
@YouTube,please drop Korean BBQ mukbangs & recipes here,831,302,76,https://twitter.com/YouTube/status/1631700968390766592
@YouTube,new rule: no looking at your phone before bed,7.6K,1.7K,875,https://twitter.com/YouTube/status/1631459377453432833
@YouTube,watching,721,143,61,https://twitter.com/YouTube/status/1631368780268855306
@YouTube,send soup videos please,1.6K,808,147,https://twitter.com/YouTube/status/1631051687132557312
@YouTube,"in 2022, Shorts got 50 *billion* daily views, gaming content got more than 2 *trillion* views, and more people than ever created content with YouTube: just a few highlights from",644,153,89,https://twitter.com/YouTube/status/1631006859506208784
@YouTube,time to,625,110,87,https://twitter.com/YouTube/status/1630990420988792832
@YouTube,time to,625,110,87,https://twitter.com/YouTube/status/1630990420988792832
@YouTube,annnd your fav creator award goes to ________,3.8K,2.4K,355,https://twitter.com/YouTube/status/1630689301997420547
@YouTube,"you can only pick one
Lofi Beats
Live Animal Cam",971,278,77,https://twitter.com/YouTube/status/1630659100806619144
@YouTube,im live animal cam ALL THE WAY,417,39,50,https://twitter.com/YouTube/status/1630676562407485440
@YouTube,drop the video you are watching at this exact moment!!!,3.9K,2.3K,350,https://twitter.com/YouTube/status/1630613806119370770
@YouTube,fav ambient?,755,343,96,https://twitter.com/YouTube/status/1630314677388574721
@YouTube,reply with the last video you watched,6.4K,4.4K,529,https://twitter.com/YouTube/status/1630251415259033601
@YouTube,me if i was buff:,1.1K,187,97,https://twitter.com/YouTube/status/1629209548752838658
@YouTube,need a boost? reply for a video thatâ€™ll cheer you up,2.6K,1K,213,https://twitter.com/YouTube/status/1629164251083309057
@YouTube,looking for some new channels lol drop some recs plz!!,5.8K,3.7K,473,https://twitter.com/YouTube/status/1628862261665095681
@YouTube,"if you could give your favorite creator an award, what would it be?",2.3K,975,214,https://twitter.com/YouTube/status/1628801864669057024
@YouTube,when you watching?,759,209,101,https://twitter.com/YouTube/status/1628525458836041728
@YouTube,showing creators love is always trending,1.7K,402,191,https://twitter.com/YouTube/status/1628469675012108288
@YouTube,february is for _________ vids,3.9K,1.3K,301,https://twitter.com/YouTube/status/1628439474207174656
@YouTube,pets are just weird little people & i love that for them,1.4K,229,144,https://twitter.com/YouTube/status/1628167685539233794
@YouTube,February & tuesdays have the same energy i donâ€™t make the rules,1.1K,144,119,https://twitter.com/YouTube/status/1628122384757665792
@YouTube,whatâ€™s a video that INSTANTLY gets you feeling cozy?,2K,705,183,https://twitter.com/YouTube/status/1628082380459110401
@YouTube,current style inspo is def,600,108,47,https://twitter.com/YouTube/status/1627805296847425536
@YouTube,reply for a video from 2005,4.5K,1.4K,232,https://twitter.com/YouTube/status/1627714699348398081
@YouTube,which creator needs to start making vlogs??,4.4K,1.4K,316,https://twitter.com/YouTube/status/1627442910810587138
@YouTube,which YouTube vid defined your childhood?,3.7K,1.6K,363,https://twitter.com/YouTube/status/1627382509708222464
@YouTube,watching Poppy Playtime speedruns counts as cardio,2.2K,202,178,https://twitter.com/YouTube/status/1627352314687242240
@YouTube,which creator are you sitting courtside with at the,854,171,80,https://twitter.com/YouTube/status/1627095620422098945
@YouTube,tag the creator who could be a pro athlete,2.9K,1K,231,https://twitter.com/YouTube/status/1626636513302945792
@YouTube,hi creators,9.1K,2.8K,557,https://twitter.com/YouTube/status/1626008455310979074
@YouTube,whoâ€™s on your February watchlist?,1.8K,549,175,https://twitter.com/YouTube/status/1625978258457088003
@YouTube,drop a video genre that was *made* for aquarians,1K,213,85,https://twitter.com/YouTube/status/1625917861876072453
@YouTube,creators will *never* break my heart,2.2K,799,195,https://twitter.com/YouTube/status/1625600772636286983
@YouTube,tag your *fave* creator & iâ€™ll make a valentine,4.6K,2.3K,339,https://twitter.com/YouTube/status/1625540374470049801
@YouTube,drop a video that captures Black history *or* Black excellence for,847,235,89,https://twitter.com/YouTube/status/1625223285783904256
@YouTube,Februaryâ€™s for,810,384,704,https://twitter.com/YouTube/status/1625208367466807296
@YouTube,sorry football boys but,4.8K,412,684,https://twitter.com/YouTube/status/1624970918329188358
@YouTube,time for mid-game mukbang (im eating chips & dip),919,106,82,https://twitter.com/YouTube/status/1624940651149422592
@YouTube,NFL Sunday Ticket & YouTube feels SO RIGHT,4.5K,238,431,https://twitter.com/YouTube/status/1624915000241582080
@YouTube,my sleep paralysis demon looks like a Roblox character,8.3K,1K,702,https://twitter.com/YouTube/status/1624543805163679745
@YouTube,what book is a *must* read? drop a video to sell me on it,2.7K,513,221,https://twitter.com/YouTube/status/1624468309310685185
@YouTube,sharing videos is a love language,5.5K,1K,580,https://twitter.com/YouTube/status/1624181418694701056
@YouTube,some videos you love are cringe & thatâ€™s okay,4.1K,463,302,https://twitter.com/YouTube/status/1624121020637380626
@YouTube,JisooTube,18K,568,5.2K,https://twitter.com/YouTube/status/1623803932286808064
@YouTube,Watch,637,298,86,https://twitter.com/YouTube/status/1623165453265940480
@YouTube,Tune in now to watch,623,130,75,https://twitter.com/YouTube/status/1623140986632413184
@YouTube,"which are you
making Shorts
watching Shorts",9.9K,5.3K,939,https://twitter.com/YouTube/status/1622686571102146574
@YouTube,ok but,2K,1.2K,336,https://twitter.com/YouTube/status/1622309634911649792
@YouTube,not enough time to watch all these videos of dogs playing in the snow,2K,358,170,https://twitter.com/YouTube/status/1622278883407024129
@YouTube,beans are a winter food there i said it,2.7K,717,190,https://twitter.com/YouTube/status/1621961792191700997
@YouTube,how long is your *Watch Later* list tho?,19K,4.7K,1.2K,https://twitter.com/YouTube/status/1621931595245518851
@YouTube,what's a good male acting performance where they ask you to like and subscribe?,2.4K,1K,170,https://twitter.com/YouTube/status/1621614508836790273
@YouTube,to everyone who started a channel this year: youâ€™re doing amazing sweetie.,8.3K,1.4K,719,https://twitter.com/YouTube/status/1621584308753383425
@YouTube,in my cozy era,21K,1.1K,836,https://twitter.com/YouTube/status/1621282321340014592
@YouTube,February means 28 days to prioritize YOU,3.3K,426,365,https://twitter.com/YouTube/status/1621237021061570564
@YouTube,first step of every recipe is watching a YouTube tutorial about it,2.3K,567,225,https://twitter.com/YouTube/status/1620919928244113409
@YouTube,hereâ€™s to all the creators & trends celebrating Black culture and creativity this year and beyond!!,755,202,114,https://twitter.com/YouTube/status/1620834903733538836
@YouTube,workout videos > gym membership,2.3K,514,204,https://twitter.com/YouTube/status/1620542438308716544
@YouTube,am iâ€¦related to the Tube in London??,3.3K,503,213,https://twitter.com/YouTube/status/1620482044575850519
@YouTube,hey BookTube,3.8K,720,251,https://twitter.com/YouTube/status/1620195153477525504
@YouTube,this is your yearly reminder that all aquarians are,1.6K,398,163,https://twitter.com/YouTube/status/1620164955810013217
@YouTube,a creator is your personal trainer. who do you pick?,10K,3.7K,708,https://twitter.com/YouTube/status/1620120365249748999
@YouTube,thank you,1.6K,514,107,https://twitter.com/YouTube/status/1618337912206008326
@YouTube,proud of you,846,247,71,https://twitter.com/YouTube/status/1617984474507284480
@YouTube,wish i could live inside one of,951,188,69,https://twitter.com/YouTube/status/1617962677627719681
@YouTube,"""At the end of the day I try to inspire people to be creative and live a fun life.""",1K,403,120,https://twitter.com/YouTube/status/1616193133192294401
@YouTube,"if you send a video to a friend, they better",1.1K,360,126,https://twitter.com/YouTube/status/1616186906353766401
@YouTube,SO EXCITED PLS TELL ME IF YOURE GOING,885,265,80,https://twitter.com/YouTube/status/1615892253893066753
@YouTube,videos,2.7K,389,242,https://twitter.com/YouTube/status/1615876697156378627
@YouTube,which Shorts video best describes your mood rn?,4.3K,984,268,https://twitter.com/YouTube/status/1615846503444107264
@YouTube,the best Shorts have,1.2K,452,137,https://twitter.com/YouTube/status/1615775452693671937
@YouTube,canâ€™t talk watching,1.1K,210,88,https://twitter.com/YouTube/status/1615469010514059271
@YouTube,best reaction video of all time?,7.9K,1.2K,665,https://twitter.com/YouTube/status/1615408611940880385
@YouTube,SoupTube,13K,1K,523,https://twitter.com/YouTube/status/1615121721085902849
@YouTube,trying & failing is ok,8.4K,1K,1K,https://twitter.com/YouTube/status/1615061323317972994
@YouTube,what was your favorite video in 2013??,5.6K,1.3K,339,https://twitter.com/YouTube/status/1614759333513859072
@YouTube,i wish,1.2K,189,90,https://twitter.com/YouTube/status/1614729134516887553
@YouTube,tag a friend who has a channel & give them some love!!,11K,5.2K,885,https://twitter.com/YouTube/status/1614683837845409799
@YouTube,liking your own videos is self-care,7.9K,1.1K,693,https://twitter.com/YouTube/status/1614381847772807169
@YouTube,what channel should *everyone* know about rn?,40K,19K,3K,https://twitter.com/YouTube/status/1614321449111625729
@YouTube,whose Shorts are you watching in 2023?,8.4K,3K,650,https://twitter.com/YouTube/status/1614034558860623872
@YouTube,a good cozy video has the same calming effect as a weighted blanket,1.8K,433,173,https://twitter.com/YouTube/status/1613989263028228097
@YouTube,reply to be quizzed on the Billion Views Club,2.2K,599,146,https://twitter.com/YouTube/status/1613943963085410308
@YouTube,update your brainâ€™s software with a good nightâ€™s sleep,3.7K,1.2K,448,https://twitter.com/YouTube/status/1613672172148457472
@YouTube,youâ€™re either someone who watches,24K,539,903,https://twitter.com/YouTube/status/1613657071370608660
@YouTube,the dolls are giving ambient mode,1.9K,566,130,https://twitter.com/YouTube/status/1613324884309835777
@YouTube,"if you had to guess, what video have you watched the most?",9.4K,3.2K,737,https://twitter.com/YouTube/status/1613234286366187524
@YouTube,what videos are you *extra* hype for?,1.2K,783,214,https://twitter.com/YouTube/status/1612948581878751232
@YouTube,do you dream in Minecraft builds or is that just me?,3.2K,499,195,https://twitter.com/YouTube/status/1612902096944111619
@YouTube,seen any funny gaming videos lately??,3.1K,891,197,https://twitter.com/YouTube/status/1612585004432867330
@YouTube,watching a video iâ€™m not even in and thinking iâ€™m the main character lmao,1.9K,250,128,https://twitter.com/YouTube/status/1612539708709507072
@YouTube,recommend me Shorts,10K,3.3K,586,https://twitter.com/YouTube/status/1612494411824304143
@YouTube,if i had custom shoes by,963,145,67,https://twitter.com/YouTube/status/1612192419923075073
@YouTube,send funny video compilations please,4.6K,1K,273,https://twitter.com/YouTube/status/1612132020980776964
@YouTube,itâ€™s so important to connect with people whoâ€™ve had similar experiences,2.7K,389,296,https://twitter.com/YouTube/status/1611860233281847298
@YouTube,tag the creator who youâ€™d love to see on Hot Ones,2K,804,167,https://twitter.com/YouTube/status/1611814931711524866
@YouTube,spend a little more time outside this year,8.7K,1.1K,1K,https://twitter.com/YouTube/status/1611769637045248003
@YouTube,what are you watching before bed?,1.1K,1.3K,173,https://twitter.com/YouTube/status/1611492359405199361
@YouTube,cozy bookstore vlogs,1.4K,134,96,https://twitter.com/YouTube/status/1611452544412164107
@YouTube,reply with your sign & iâ€™ll predict your most watched video of 2023,9.6K,3.8K,477,https://twitter.com/YouTube/status/1611407247766175744
@YouTube,favorite genre of Shorts?,6.1K,1.9K,385,https://twitter.com/YouTube/status/1611120355732606976
@YouTube,dark theme just feels right in winter,4.9K,491,284,https://twitter.com/YouTube/status/1611059955926241280
@YouTube,"if laughter is the best therapy, watching",6.9K,255,727,https://twitter.com/YouTube/status/1610757968026341405
@YouTube,videos are like snowflakes. each one is unique!!,3.4K,570,267,https://twitter.com/YouTube/status/1610727768454463498
@YouTube,recommend me videos,15K,5.3K,1.1K,https://twitter.com/YouTube/status/1610682470759895050
@YouTube,this year iâ€™m gonna,1.5K,1.3K,183,https://twitter.com/YouTube/status/1610442680647176194
@YouTube,the first step to caring for others is caring for yourself,4.2K,455,530,https://twitter.com/YouTube/status/1610425794119049217
@YouTube,*pauses another video* now THIS is the best part of 2023 so far,2K,200,125,https://twitter.com/YouTube/status/1610335183516966913
@YouTube,manifesting a nap,3.6K,658,336,https://twitter.com/YouTube/status/1610033192672559104
@YouTube,what creator has the cutest pet?,10K,2.9K,474,https://twitter.com/YouTube/status/1609972796326645761
@YouTube,first creator youâ€™re watching in 2023?,20K,9.5K,1.4K,https://twitter.com/YouTube/status/1609685903617687556
@YouTube,itâ€™s like 2022 was just yesterday,9K,949,769,https://twitter.com/YouTube/status/1609640607407919110
@YouTube,next year already has 20.23M views omg,8K,1.6K,313,https://twitter.com/YouTube/status/1609293318545883139
@YouTube,"to celebrate all of our faves of 2022, hereâ€™s a thread of *your* picks for creators of the year!!",21K,1.5K,1.7K,https://twitter.com/YouTube/status/1609263136498159616
@YouTube,Quote,519,157,30,https://twitter.com/YouTube/status/1609263145612349442
@YouTube,tag your FAVORITE creator of 2022,15K,9.7K,1K,https://twitter.com/YouTube/status/1609232920949948417
@YouTube,tag a creator you watch to de-stress,11K,6.8K,863,https://twitter.com/YouTube/status/1608946030560661504
@YouTube,itâ€™s time for high achieving,1.7K,171,137,https://twitter.com/YouTube/status/1608915829462016001
@YouTube,tag the best group of creators of 2022,5.4K,2K,396,https://twitter.com/YouTube/status/1608870531721199617
@YouTube,"PelÃ© inspired so many around the world, no matter who they were or where they came from. Descanse em paz, Rei.",3K,160,189,https://twitter.com/YouTube/status/1608585101683851264
@YouTube,"PelÃ©, O Rei do Futebol",842,54,76,https://twitter.com/YouTube/status/1608585212778393600
@YouTube,tag the most entertaining gaming creator of 2022,10K,7.6K,643,https://twitter.com/YouTube/status/1608508144346451969
@YouTube,repeat after me: i am not ashamed of my watch history,6.8K,1.1K,550,https://twitter.com/YouTube/status/1608266551370854402
@YouTube,which creator had the best channel glow-up of the year??,5.9K,1.6K,386,https://twitter.com/YouTube/status/1608236352620924934
@YouTube,tag the most inspiring creator of 2022,20K,8.7K,1.2K,https://twitter.com/YouTube/status/1608145756443103234
@YouTube,put a finger down if your sneaker closet is bigger than your clothes closet,1.6K,277,88,https://twitter.com/YouTube/status/1607858863692292098
@YouTube,what would you spend your $20 on if you answered a,1.1K,231,62,https://twitter.com/YouTube/status/1607828668562247690
@YouTube,tag the funniest creator of 2022,13K,6.3K,720,https://twitter.com/YouTube/status/1607783368988540929
@YouTube,press pause today,3.4K,369,201,https://twitter.com/YouTube/status/1607526677382418433
@YouTube,what did you watch the most of this year?,2K,905,212,https://twitter.com/YouTube/status/1607467450060111872
@YouTube,tag the most creative creator of 2022,16K,7.1K,924,https://twitter.com/YouTube/status/1607420981496127488
@YouTube,the ten hour fireplace video STAYS ON ALL DAY,3.2K,253,184,https://twitter.com/YouTube/status/1607149188734754822
@YouTube,i asked my grandpa who his favorite creator was and he said â€œyouâ€,3.4K,354,182,https://twitter.com/YouTube/status/1606756603683807234
@YouTube,watching couples vlogs this cuffing season to forget im single,2.9K,281,215,https://twitter.com/YouTube/status/1606439513265430530
@YouTube,a corner of YouTube you didnâ€™t think youâ€™d be obsessed with?,832,217,75,https://twitter.com/YouTube/status/1606425894910058496
@YouTube,donâ€™t talk to me rn iâ€™m watching,2.6K,234,357,https://twitter.com/YouTube/status/1606333815638589441
@YouTube,.,934,93,67,https://twitter.com/YouTube/status/1606077126326861830
@YouTube,having a fashion show with all of my thickest blankets!,2K,139,133,https://twitter.com/YouTube/status/1606031824878182413
@YouTube,best cooking videos to watch during the holidays??,690,174,73,https://twitter.com/YouTube/status/1605971669083881472
@YouTube,NFL,2.1K,361,468,https://twitter.com/YouTube/status/1605934302432149504
